{
  "simulation_config": {
    "environment": {
      "width": 3000,
      "height": 2000
    },
    "devices": {
      "num_sensors": 10,
      "num_fog_nodes": 6
    },
    "simulation": {
      "time": 1000,
      "seed": 42
    },
    "output": {
      "dir": ".",
      "results_file": "yafs_olb_results.txt"
    }
  },
  "environment_info": {
    "num_sensors": 10,
    "num_fog_nodes": 6,
    "sensor_coordinates": [
      [
        1918.2803953736513,
        50.021510445333874
      ],
      [
        2676.538703114536,
        173.8776652588323
      ],
      [
        79.60790905159088,
        397.675301373297
      ],
      [
        2428.29137003348,
        12.997519356122034
      ],
      [
        2871.6392166203436,
        673.1890902252535
      ],
      [
        2421.384819823141,
        1459.4635733876357
      ],
      [
        2488.2139927589847,
        1237.0395047284921
      ],
      [
        683.6948269546406,
        578.7759272042143
      ],
      [
        1907.0533327932005,
        729.6643579401684
      ],
      [
        1944.1061557397807,
        1218.2620113339765
      ]
    ],
    "fog_node_coordinates": [
      [
        1665.1768787663552,
        1180.190135835051
      ],
      [
        1023.7952774564747,
        597.9523233527733
      ],
      [
        577.8744142528385,
        749.7064317442125
      ],
      [
        1467.3312869579959,
        1318.6854022794932
      ],
      [
        509.50331681023255,
        941.1659492438739
      ],
      [
        2182.5941221558705,
        794.8615749407542
      ]
    ]
  },
  "performance_metrics": "\n=== YAFS OLB SIMULATION PERFORMANCE REPORT ===\n\nKEY PERFORMANCE INDICATORS (KPIs):\nOverall Latency (L): 5.9117\n  - Communication Latency: 0.2399\n  - Computing Latency: 5.6718\nNetwork Usage (Nusage): 5.0760 MB/s\nExecution Time (Te): 0.5912 ms\nEnergy Consumption (Etotal): 16.5142 W\nCost of Execution (Ce): 1.1752\n\nDETAILED ASSIGNMENT ANALYSIS:\n\nFog Node 4: 2 sensors assigned\n  Sensor 0: Total Latency = 0.7734\n    - Communication Latency: 0.0475\n    - Computing Latency: 0.7259\n    - Sensor Position: (1918.2803953736513, 50.021510445333874)\n    - Fog Node Position: (509.50331681023255, 941.1659492438739)\n  Sensor 5: Total Latency = 0.7730\n    - Communication Latency: 0.0471\n    - Computing Latency: 0.7259\n    - Sensor Position: (2421.384819823141, 1459.4635733876357)\n    - Fog Node Position: (509.50331681023255, 941.1659492438739)\n\nFog Node 3: 3 sensors assigned\n  Sensor 1: Total Latency = 0.8121\n    - Communication Latency: 0.0418\n    - Computing Latency: 0.7704\n    - Sensor Position: (2676.538703114536, 173.8776652588323)\n    - Fog Node Position: (1467.3312869579959, 1318.6854022794932)\n  Sensor 2: Total Latency = 0.8100\n    - Communication Latency: 0.0396\n    - Computing Latency: 0.7704\n    - Sensor Position: (79.60790905159088, 397.675301373297)\n    - Fog Node Position: (1467.3312869579959, 1318.6854022794932)\n  Sensor 9: Total Latency = 0.7956\n    - Communication Latency: 0.0252\n    - Computing Latency: 0.7704\n    - Sensor Position: (1944.1061557397807, 1218.2620113339765)\n    - Fog Node Position: (1467.3312869579959, 1318.6854022794932)\n\nFog Node 0: 2 sensors assigned\n  Sensor 3: Total Latency = 0.6431\n    - Communication Latency: 0.0135\n    - Computing Latency: 0.6296\n    - Sensor Position: (2428.29137003348, 12.997519356122034)\n    - Fog Node Position: (1665.1768787663552, 1180.190135835051)\n  Sensor 8: Total Latency = 0.6379\n    - Communication Latency: 0.0083\n    - Computing Latency: 0.6296\n    - Sensor Position: (1907.0533327932005, 729.6643579401684)\n    - Fog Node Position: (1665.1768787663552, 1180.190135835051)\n\nFog Node 5: 1 sensors assigned\n  Sensor 4: Total Latency = 0.2514\n    - Communication Latency: 0.0011\n    - Computing Latency: 0.2503\n    - Sensor Position: (2871.6392166203436, 673.1890902252535)\n    - Fog Node Position: (2182.5941221558705, 794.8615749407542)\n\nFog Node 1: 1 sensors assigned\n  Sensor 6: Total Latency = 0.1436\n    - Communication Latency: 0.0145\n    - Computing Latency: 0.1291\n    - Sensor Position: (2488.2139927589847, 1237.0395047284921)\n    - Fog Node Position: (1023.7952774564747, 597.9523233527733)\n\nFog Node 2: 1 sensors assigned\n  Sensor 7: Total Latency = 0.2714\n    - Communication Latency: 0.0012\n    - Computing Latency: 0.2702\n    - Sensor Position: (683.6948269546406, 578.7759272042143)\n    - Fog Node Position: (577.8744142528385, 749.7064317442125)\n\n========================================\n",
  "simulation_metadata": {
    "timestamp": "20250907_153258",
    "simulation_time": 1000,
    "framework": "YAFS 1.0",
    "algorithm": "Optimised Load Balancing (OLB)"
  }
}