{
  "simulation_config": {
    "environment": {
      "width": 3000,
      "height": 2000
    },
    "devices": {
      "num_sensors": 10,
      "num_fog_nodes": 6
    },
    "simulation": {
      "time": 1000,
      "seed": 42
    },
    "output": {
      "dir": ".",
      "results_file": "yafs_olb_results.txt"
    }
  },
  "performance_metrics": {
    "algorithm": "DistancePlacement",
    "overall_latency": 695.022111371443,
    "communication_latency": 0.031809988058175004,
    "computing_latency": 694.9903013833848,
    "network_usage": 5.075971518852187,
    "execution_time": 69.5022111371443,
    "energy_consumption": 54.07957970047847,
    "cost_of_execution": 70.83760130709648,
    "load_balance_score": 0.12903225806451613,
    "max_utilization": 7,
    "num_assignments": 10,
    "detailed_assignments": [
      {
        "sensor_id": 0,
        "fog_node_id": 5,
        "comm_latency": 0.002441094057596855,
        "comp_latency": 98.99999999999991,
        "total_latency": 99.00244109405752,
        "energy": 6.401394193560457,
        "distance": 504.483287200047,
        "sensor_coordinates": [
          1918.2803953736513,
          50.021510445333874
        ],
        "fog_node_coordinates": [
          2119.1129465870445,
          512.8062049170558
        ]
      },
      {
        "sensor_id": 1,
        "fog_node_id": 5,
        "comm_latency": 0.0029434687968885004,
        "comp_latency": 98.99999999999991,
        "total_latency": 99.0029434687968,
        "energy": 3.4378353063875986,
        "distance": 652.3772137614113,
        "sensor_coordinates": [
          2676.538703114536,
          173.8776652588323
        ],
        "fog_node_coordinates": [
          2119.1129465870445,
          512.8062049170558
        ]
      },
      {
        "sensor_id": 3,
        "fog_node_id": 5,
        "comm_latency": 0.0014084638111890846,
        "comp_latency": 98.99999999999991,
        "total_latency": 99.0014084638111,
        "energy": 8.094841663145148,
        "distance": 587.7074269455608,
        "sensor_coordinates": [
          2428.29137003348,
          12.997519356122034
        ],
        "fog_node_coordinates": [
          2119.1129465870445,
          512.8062049170558
        ]
      },
      {
        "sensor_id": 4,
        "fog_node_id": 5,
        "comm_latency": 0.010004341712946924,
        "comp_latency": 98.99999999999991,
        "total_latency": 99.01000434171286,
        "energy": 3.8221952423567926,
        "distance": 769.4273565386225,
        "sensor_coordinates": [
          2871.6392166203436,
          673.1890902252535
        ],
        "fog_node_coordinates": [
          2119.1129465870445,
          512.8062049170558
        ]
      },
      {
        "sensor_id": 5,
        "fog_node_id": 5,
        "comm_latency": 0.005490879838820414,
        "comp_latency": 98.99999999999991,
        "total_latency": 99.00549087983873,
        "energy": 6.199562804130803,
        "distance": 993.7446647048235,
        "sensor_coordinates": [
          2421.384819823141,
          1459.4635733876357
        ],
        "fog_node_coordinates": [
          2119.1129465870445,
          512.8062049170558
        ]
      },
      {
        "sensor_id": 6,
        "fog_node_id": 5,
        "comm_latency": 0.0025139069339090866,
        "comp_latency": 98.99999999999991,
        "total_latency": 99.00251390693383,
        "energy": 15.520308382453756,
        "distance": 812.8649671630477,
        "sensor_coordinates": [
          2488.2139927589847,
          1237.0395047284921
        ],
        "fog_node_coordinates": [
          2119.1129465870445,
          512.8062049170558
        ]
      },
      {
        "sensor_id": 8,
        "fog_node_id": 5,
        "comm_latency": 0.0007192073136056468,
        "comp_latency": 98.99999999999991,
        "total_latency": 99.00071920731352,
        "energy": 3.5591816246968913,
        "distance": 303.3096410188604,
        "sensor_coordinates": [
          1907.0533327932005,
          729.6643579401684
        ],
        "fog_node_coordinates": [
          2119.1129465870445,
          512.8062049170558
        ]
      },
      {
        "sensor_id": 2,
        "fog_node_id": 2,
        "comm_latency": 0.000381368711114789,
        "comp_latency": 1.462832967380221,
        "total_latency": 1.4632143360913357,
        "energy": 5.331426801369272,
        "distance": 125.11951965963915,
        "sensor_coordinates": [
          79.60790905159088,
          397.675301373297
        ],
        "fog_node_coordinates": [
          193.44929710340617,
          449.5890044418976
        ]
      },
      {
        "sensor_id": 7,
        "fog_node_id": 1,
        "comm_latency": 0.0015865629237339614,
        "comp_latency": 0.21398964493497277,
        "total_latency": 0.21557620785870674,
        "energy": 0.545055421518861,
        "distance": 344.5752346360952,
        "sensor_coordinates": [
          683.6948269546406,
          578.7759272042143
        ],
        "fog_node_coordinates": [
          728.5543329477696,
          237.13325269388258
        ]
      },
      {
        "sensor_id": 9,
        "fog_node_id": 0,
        "comm_latency": 0.004320693958369747,
        "comp_latency": 0.31347877107032945,
        "total_latency": 0.3177994650286992,
        "energy": 1.1677782608588987,
        "distance": 475.7898525499886,
        "sensor_coordinates": [
          1944.1061557397807,
          1218.2620113339765
        ],
        "fog_node_coordinates": [
          1498.2122545196262,
          1052.2661901690717
        ]
      }
    ]
  },
  "simulation_metadata": {
    "algorithm": "DistancePlacement",
    "framework": "YAFS 1.0",
    "simulation_time": 1000
  }
}