{
  "simulation_config": {
    "environment": {
      "width": 3000,
      "height": 2000
    },
    "devices": {
      "num_sensors": 10,
      "num_fog_nodes": 6
    },
    "simulation": {
      "time": 1000,
      "seed": 42
    },
    "output": {
      "dir": ".",
      "results_file": "yafs_olb_results.txt"
    }
  },
  "performance_metrics": {
    "algorithm": "LoadBalancedPlacement",
    "overall_latency": 202.08463203405788,
    "communication_latency": 0.16801690964021557,
    "computing_latency": 201.91661512441766,
    "network_usage": 5.075971518852187,
    "execution_time": 20.20846320340579,
    "energy_consumption": 59.316210695433185,
    "cost_of_execution": 21.64858599325706,
    "load_balance_score": 0.8181818181818181,
    "max_utilization": 2,
    "num_assignments": 10,
    "detailed_assignments": [
      {
        "sensor_id": 0,
        "fog_node_id": 0,
        "comm_latency": 0.026441096854525628,
        "comp_latency": 0.3627910177935391,
        "total_latency": 0.38923211464806473,
        "energy": 4.932760143725764,
        "distance": 1086.7159891135748,
        "sensor_coordinates": [
          1918.2803953736513,
          50.021510445333874
        ],
        "fog_node_coordinates": [
          1498.2122545196262,
          1052.2661901690717
        ]
      },
      {
        "sensor_id": 6,
        "fog_node_id": 0,
        "comm_latency": 0.02020089016295464,
        "comp_latency": 0.3627910177935391,
        "total_latency": 0.38299190795649374,
        "energy": 11.959575363611071,
        "distance": 1007.0971251523985,
        "sensor_coordinates": [
          2488.2139927589847,
          1237.0395047284921
        ],
        "fog_node_coordinates": [
          1498.2122545196262,
          1052.2661901690717
        ]
      },
      {
        "sensor_id": 1,
        "fog_node_id": 1,
        "comm_latency": 0.0050960485801080065,
        "comp_latency": 0.551374618947394,
        "total_latency": 0.5564706675275021,
        "energy": 2.365913314635001,
        "distance": 1949.0111276634022,
        "sensor_coordinates": [
          2676.538703114536,
          173.8776652588323
        ],
        "fog_node_coordinates": [
          728.5543329477696,
          237.13325269388258
        ]
      },
      {
        "sensor_id": 7,
        "fog_node_id": 1,
        "comm_latency": 0.0031736535592789355,
        "comp_latency": 0.551374618947394,
        "total_latency": 0.5545482725066729,
        "energy": 0.545055421518861,
        "distance": 344.5752346360952,
        "sensor_coordinates": [
          683.6948269546406,
          578.7759272042143
        ],
        "fog_node_coordinates": [
          728.5543329477696,
          237.13325269388258
        ]
      },
      {
        "sensor_id": 2,
        "fog_node_id": 2,
        "comm_latency": 0.0006503436238680392,
        "comp_latency": 98.99999999999991,
        "total_latency": 99.00065034362379,
        "energy": 5.331426801369272,
        "distance": 125.11951965963915,
        "sensor_coordinates": [
          79.60790905159088,
          397.675301373297
        ],
        "fog_node_coordinates": [
          193.44929710340617,
          449.5890044418976
        ]
      },
      {
        "sensor_id": 8,
        "fog_node_id": 2,
        "comm_latency": 0.01637658012132974,
        "comp_latency": 98.99999999999991,
        "total_latency": 99.01637658012125,
        "energy": 3.845145393147737,
        "distance": 1736.3412667933487,
        "sensor_coordinates": [
          1907.0533327932005,
          729.6643579401684
        ],
        "fog_node_coordinates": [
          193.44929710340617,
          449.5890044418976
        ]
      },
      {
        "sensor_id": 3,
        "fog_node_id": 3,
        "comm_latency": 0.041717554208288245,
        "comp_latency": 0.3417626000222368,
        "total_latency": 0.38348015423052506,
        "energy": 16.134239512308106,
        "distance": 1698.1550162943674,
        "sensor_coordinates": [
          2428.29137003348,
          12.997519356122034
        ],
        "fog_node_coordinates": [
          1260.797544349595,
          1246.1595631912905
        ]
      },
      {
        "sensor_id": 9,
        "fog_node_id": 3,
        "comm_latency": 0.035533752169000274,
        "comp_latency": 0.3417626000222368,
        "total_latency": 0.3772963521912371,
        "energy": 3.020542988294037,
        "distance": 683.8778632179984,
        "sensor_coordinates": [
          1944.1061557397807,
          1218.2620113339765
        ],
        "fog_node_coordinates": [
          1260.797544349595,
          1246.1595631912905
        ]
      },
      {
        "sensor_id": 4,
        "fog_node_id": 4,
        "comm_latency": 0.0176829720272383,
        "comp_latency": 0.10999351055123567,
        "total_latency": 0.12767648257847397,
        "energy": 4.981988952692527,
        "distance": 2760.5930091190708,
        "sensor_coordinates": [
          2871.6392166203436,
          673.1890902252535
        ],
        "fog_node_coordinates": [
          111.40398017227903,
          717.6323289414235
        ]
      },
      {
        "sensor_id": 5,
        "fog_node_id": 5,
        "comm_latency": 0.0011440183336237889,
        "comp_latency": 1.2947651403402383,
        "total_latency": 1.295909158673862,
        "energy": 6.199562804130803,
        "distance": 993.7446647048235,
        "sensor_coordinates": [
          2421.384819823141,
          1459.4635733876357
        ],
        "fog_node_coordinates": [
          2119.1129465870445,
          512.8062049170558
        ]
      }
    ]
  },
  "simulation_metadata": {
    "algorithm": "LoadBalancedPlacement",
    "framework": "YAFS 1.0",
    "simulation_time": 1000
  }
}
