{
  "simulation_config": {
    "environment": {
      "width": 3000,
      "height": 2000
    },
    "devices": {
      "num_sensors": 10,
      "num_fog_nodes": 6
    },
    "simulation": {
      "time": 1000,
      "seed": 42
    },
    "output": {
      "dir": ".",
      "results_file": "yafs_olb_results.txt"
    }
  },
  "ci_predictions": {
    "system-1": {
      "current_avg": 0.2298,
      "predicted_avg": 0.26110859390124674,
      "predicted_max": 0.2671159361302853,
      "predicted_min": 0.14800410762429236
    },
    "system-3": {
      "current_avg": 0.1448,
      "predicted_avg": 0.10027829051408918,
      "predicted_max": 0.1024466035887599,
      "predicted_min": 0.06587387640029192
    },
    "system-4": {
      "current_avg": 0.133,
      "predicted_avg": 0.13495103827454147,
      "predicted_max": 0.13528177089989185,
      "predicted_min": 0.1291885419934988
    }
  },
  "environment_info": {
    "num_sensors": 10,
    "num_fog_nodes": 6,
    "sensor_coordinates": [
      [
        1918.2803953736513,
        50.021510445333874
      ],
      [
        2676.538703114536,
        173.8776652588323
      ],
      [
        79.60790905159088,
        397.675301373297
      ],
      [
        2428.29137003348,
        12.997519356122034
      ],
      [
        2871.6392166203436,
        673.1890902252535
      ],
      [
        2421.384819823141,
        1459.4635733876357
      ],
      [
        2488.2139927589847,
        1237.0395047284921
      ],
      [
        683.6948269546406,
        578.7759272042143
      ],
      [
        1907.0533327932005,
        729.6643579401684
      ],
      [
        1944.1061557397807,
        1218.2620113339765
      ]
    ],
    "fog_node_coordinates": [
      [
        1498.2122545196262,
        1052.2661901690717
      ],
      [
        728.5543329477696,
        237.13325269388258
      ],
      [
        193.44929710340617,
        449.5890044418976
      ],
      [
        1260.797544349595,
        1246.1595631912905
      ],
      [
        111.40398017227903,
        717.6323289414235
      ],
      [
        2119.1129465870445,
        512.8062049170558
      ]
    ]
  },
  "performance_metrics": {
    "algorithm": "OLB",
    "overall_latency": 5.933564192555339,
    "communication_latency": 0.2505203598622118,
    "computing_latency": 5.683043832693127,
    "network_usage": 5.075971518852187,
    "execution_time": 0.593356419255534,
    "energy_consumption": 60.472464374279454,
    "cost_of_execution": 2.0566042826837325,
    "load_balance_score": 0.6428571428571428,
    "max_utilization": 3,
    "num_assignments": 10,
    "detailed_assignments": [
      {
        "sensor_id": 0,
        "fog_node_id": 4,
        "comm_latency": 0.04797850118646257,
        "comp_latency": 0.7259347904928596,
        "total_latency": 0.7739132916793221,
        "energy": 8.343811228705395,
        "distance": 1926.2675267947545,
        "sensor_coordinates": [
          1918.2803953736513,
          50.021510445333874
        ],
        "fog_node_coordinates": [
          111.40398017227903,
          717.6323289414235
        ]
      },
      {
        "sensor_id": 5,
        "fog_node_id": 4,
        "comm_latency": 0.04789151994452399,
        "comp_latency": 0.7259347904928596,
        "total_latency": 0.7738263104373836,
        "energy": 8.080736843969023,
        "distance": 2426.1749884933515,
        "sensor_coordinates": [
          2421.384819823141,
          1459.4635733876357
        ],
        "fog_node_coordinates": [
          111.40398017227903,
          717.6323289414235
        ]
      },
      {
        "sensor_id": 1,
        "fog_node_id": 3,
        "comm_latency": 0.042432698887489406,
        "comp_latency": 0.7722048688511819,
        "total_latency": 0.8146375677386712,
        "energy": 6.852123476168695,
        "distance": 1775.9818403504953,
        "sensor_coordinates": [
          2676.538703114536,
          173.8776652588323
        ],
        "fog_node_coordinates": [
          1260.797544349595,
          1246.1595631912905
        ]
      },
      {
        "sensor_id": 2,
        "fog_node_id": 3,
        "comm_latency": 0.037635235957728795,
        "comp_latency": 0.7722048688511819,
        "total_latency": 0.8098401048089107,
        "energy": 9.836055061136266,
        "distance": 1454.3501975412446,
        "sensor_coordinates": [
          79.60790905159088,
          397.675301373297
        ],
        "fog_node_coordinates": [
          1260.797544349595,
          1246.1595631912905
        ]
      },
      {
        "sensor_id": 9,
        "fog_node_id": 3,
        "comm_latency": 0.03288578832345802,
        "comp_latency": 0.7722048688511819,
        "total_latency": 0.8050906571746399,
        "energy": 3.020542988294037,
        "distance": 683.8778632179984,
        "sensor_coordinates": [
          1944.1061557397807,
          1218.2620113339765
        ],
        "fog_node_coordinates": [
          1260.797544349595,
          1246.1595631912905
        ]
      },
      {
        "sensor_id": 3,
        "fog_node_id": 0,
        "comm_latency": 0.013491884605900856,
        "comp_latency": 0.6323018650305081,
        "total_latency": 0.645793749636409,
        "energy": 6.237689814743351,
        "distance": 1394.6779310107217,
        "sensor_coordinates": [
          2428.29137003348,
          12.997519356122034
        ],
        "fog_node_coordinates": [
          1498.2122545196262,
          1052.2661901690717
        ]
      },
      {
        "sensor_id": 8,
        "fog_node_id": 0,
        "comm_latency": 0.00849466495352341,
        "comp_latency": 0.6323018650305081,
        "total_latency": 0.6407965299840315,
        "energy": 2.7426197383980195,
        "distance": 520.7907155867358,
        "sensor_coordinates": [
          1907.0533327932005,
          729.6643579401684
        ],
        "fog_node_coordinates": [
          1498.2122545196262,
          1052.2661901690717
        ]
      },
      {
        "sensor_id": 4,
        "fog_node_id": 5,
        "comm_latency": 0.0013375274625778144,
        "comp_latency": 0.2503190944642185,
        "total_latency": 0.25165662192679633,
        "energy": 3.8221952423567926,
        "distance": 769.4273565386225,
        "sensor_coordinates": [
          2871.6392166203436,
          673.1890902252535
        ],
        "fog_node_coordinates": [
          2119.1129465870445,
          512.8062049170558
        ]
      },
      {
        "sensor_id": 6,
        "fog_node_id": 1,
        "comm_latency": 0.015333394625959352,
        "comp_latency": 0.12913948781926363,
        "total_latency": 0.14447288244522297,
        "energy": 10.681053175394474,
        "distance": 2023.9107270887275,
        "sensor_coordinates": [
          2488.2139927589847,
          1237.0395047284921
        ],
        "fog_node_coordinates": [
          728.5543329477696,
          237.13325269388258
        ]
      },
      {
        "sensor_id": 7,
        "fog_node_id": 2,
        "comm_latency": 0.003039143914587597,
        "comp_latency": 0.2704973328093645,
        "total_latency": 0.2735364767239521,
        "energy": 0.8556368051134017,
        "distance": 506.9812033516769,
        "sensor_coordinates": [
          683.6948269546406,
          578.7759272042143
        ],
        "fog_node_coordinates": [
          193.44929710340617,
          449.5890044418976
        ]
      }
    ]
  },
  "simulation_metadata": {
    "simulation_time": 1000,
    "framework": "YAFS 1.0",
    "algorithm": "Optimised Load Balancing (OLB)"
  }
}