{
  "simulation_config": {
    "environment": {
      "width": 3000,
      "height": 2000
    },
    "devices": {
      "num_sensors": 10,
      "num_fog_nodes": 6
    },
    "simulation": {
      "time": 1000,
      "seed": 42
    },
    "output": {
      "dir": ".",
      "results_file": "yafs_olb_results.txt"
    }
  },
  "performance_metrics": {
    "algorithm": "RandomPlacement",
    "overall_latency": 328.7437815422306,
    "communication_latency": 0.24520711703797943,
    "computing_latency": 328.4985744251926,
    "network_usage": 5.075971518852187,
    "execution_time": 32.87437815422306,
    "energy_consumption": 51.091532437830566,
    "cost_of_execution": 34.15000737892228,
    "load_balance_score": 0.5555555555555556,
    "max_utilization": 3,
    "num_assignments": 10,
    "detailed_assignments": [
      {
        "sensor_id": 0,
        "fog_node_id": 1,
        "comm_latency": 0.019848141873165012,
        "comp_latency": 98.99999999999991,
        "total_latency": 99.01984814187308,
        "energy": 4.405430178477669,
        "distance": 1204.3499938567195,
        "sensor_coordinates": [
          1918.2803953736513,
          50.021510445333874
        ],
        "fog_node_coordinates": [
          728.5543329477696,
          237.13325269388258
        ]
      },
      {
        "sensor_id": 2,
        "fog_node_id": 1,
        "comm_latency": 0.012625301211404743,
        "comp_latency": 98.99999999999991,
        "total_latency": 99.01262530121132,
        "energy": 3.396210381853461,
        "distance": 668.5096936333999,
        "sensor_coordinates": [
          79.60790905159088,
          397.675301373297
        ],
        "fog_node_coordinates": [
          728.5543329477696,
          237.13325269388258
        ]
      },
      {
        "sensor_id": 8,
        "fog_node_id": 1,
        "comm_latency": 0.01962316312880919,
        "comp_latency": 98.99999999999991,
        "total_latency": 99.01962316312873,
        "energy": 2.449423791338662,
        "distance": 1277.2810114739077,
        "sensor_coordinates": [
          1907.0533327932005,
          729.6643579401684
        ],
        "fog_node_coordinates": [
          728.5543329477696,
          237.13325269388258
        ]
      },
      {
        "sensor_id": 1,
        "fog_node_id": 4,
        "comm_latency": 0.004996024269730589,
        "comp_latency": 0.07777136002613444,
        "total_latency": 0.08276738429586503,
        "energy": 4.481000173786461,
        "distance": 2622.1337267806575,
        "sensor_coordinates": [
          2676.538703114536,
          173.8776652588323
        ],
        "fog_node_coordinates": [
          111.40398017227903,
          717.6323289414235
        ]
      },
      {
        "sensor_id": 3,
        "fog_node_id": 2,
        "comm_latency": 0.05072845263270887,
        "comp_latency": 9.729919987870362,
        "total_latency": 9.780648440503072,
        "energy": 8.745224873610166,
        "distance": 2277.088319716166,
        "sensor_coordinates": [
          2428.29137003348,
          12.997519356122034
        ],
        "fog_node_coordinates": [
          193.44929710340617,
          449.5890044418976
        ]
      },
      {
        "sensor_id": 6,
        "fog_node_id": 2,
        "comm_latency": 0.051030337270396374,
        "comp_latency": 9.729919987870362,
        "total_latency": 9.780950325140758,
        "energy": 16.76729363807334,
        "distance": 2426.112795982258,
        "sensor_coordinates": [
          2488.2139927589847,
          1237.0395047284921
        ],
        "fog_node_coordinates": [
          193.44929710340617,
          449.5890044418976
        ]
      },
      {
        "sensor_id": 9,
        "fog_node_id": 2,
        "comm_latency": 0.05345317827661761,
        "comp_latency": 9.729919987870375,
        "total_latency": 9.783373166146992,
        "energy": 1.6372219207051821,
        "distance": 1911.9774131027511,
        "sensor_coordinates": [
          1944.1061557397807,
          1218.2620113339765
        ],
        "fog_node_coordinates": [
          193.44929710340617,
          449.5890044418976
        ]
      },
      {
        "sensor_id": 4,
        "fog_node_id": 5,
        "comm_latency": 0.0013375274625778144,
        "comp_latency": 0.2503190944642185,
        "total_latency": 0.25165662192679633,
        "energy": 3.8221952423567926,
        "distance": 769.4273565386225,
        "sensor_coordinates": [
          2871.6392166203436,
          673.1890902252535
        ],
        "fog_node_coordinates": [
          2119.1129465870445,
          512.8062049170558
        ]
      },
      {
        "sensor_id": 5,
        "fog_node_id": 0,
        "comm_latency": 0.01424894322035349,
        "comp_latency": 0.9903620035457092,
        "total_latency": 1.0046109467660627,
        "energy": 4.777233716924593,
        "distance": 1008.9882527706247,
        "sensor_coordinates": [
          2421.384819823141,
          1459.4635733876357
        ],
        "fog_node_coordinates": [
          1498.2122545196262,
          1052.2661901690717
        ]
      },
      {
        "sensor_id": 7,
        "fog_node_id": 0,
        "comm_latency": 0.017316047692215723,
        "comp_latency": 0.9903620035457092,
        "total_latency": 1.0076780512379249,
        "energy": 0.6102985207042411,
        "distance": 942.1420640909795,
        "sensor_coordinates": [
          683.6948269546406,
          578.7759272042143
        ],
        "fog_node_coordinates": [
          1498.2122545196262,
          1052.2661901690717
        ]
      }
    ]
  },
  "simulation_metadata": {
    "algorithm": "RandomPlacement",
    "framework": "YAFS 1.0",
    "simulation_time": 1000
  }
}
